epoch,lr,supcon,ce,triplet,proto_rep,AUROC,AUPRC,Silhouette
1,0.000021,1.0084,1.6234,1.2728,0.4396,0.801,0.906,0.071
2,0.000046,0.1326,1.4077,0.7193,0.3956,0.744,0.895,0.255
3,0.000084,0.0274,1.2705,0.4177,0.1699,0.339,0.688,0.408
4,0.000131,0.0146,0.8364,0.3257,0.0050,0.327,0.690,0.545
