,Passengers,RORO,Natural ambient noise,Motorboat,Ocean liner
Passengers,1.0000002,-0.5050403,0.9570064,-0.3064471,-0.38963422
RORO,-0.5050403,1.0000002,-0.58754617,-0.23138924,-0.099838175
Natural ambient noise,0.9570064,-0.58754617,1.0000002,-0.1591527,-0.44661006
Motorboat,-0.3064471,-0.23138924,-0.1591527,0.9999999,-0.43475655
Ocean liner,-0.38963422,-0.099838175,-0.44661006,-0.43475655,0.99999964
