,Passengers,RORO,Motorboat
Passengers,0.0,21.5558,23.926052
RORO,21.5558,0.0,23.732775
Motorboat,23.926052,23.732775,0.0
