,Passengers,RORO,Motorboat
Passengers,1.0,-0.3966231,-0.55511487
RORO,-0.3966231,1.0000002,-0.5433818
Motorboat,-0.55511487,-0.5433818,1.0
