{
  "unseen_classes": [
    "Passengers",
    "RORO",
    "Natural ambient noise",
    "Motorboat",
    "Ocean liner"
  ],
  "k_shot": 10,
  "strategy": "max",
  "n_unseen": 5,
  "support_size": 50,
  "query_size": 600,
  "norm": "zscore",
  "cov_mode": "support_lw",
  "cosine": {
    "accuracy": 0.85,
    "macro_f1": 0.6581875912347298,
    "weighted_f1": 0.8805134658059696,
    "per_class": {
      "Passengers": {
        "precision": 0.9916666666666667,
        "recall": 0.815068493150685,
        "f1-score": 0.8947368421052632,
        "support": 438.0
      },
      "RORO": {
        "precision": 0.17142857142857143,
        "recall": 1.0,
        "f1-score": 0.2926829268292683,
        "support": 6.0
      },
      "Natural ambient noise": {
        "precision": 0.7391304347826086,
        "recall": 0.85,
        "f1-score": 0.7906976744186046,
        "support": 60.0
      },
      "Motorboat": {
        "precision": 0.9354838709677419,
        "recall": 1.0,
        "f1-score": 0.9666666666666667,
        "support": 87.0
      },
      "Ocean liner": {
        "precision": 0.20930232558139536,
        "recall": 1.0,
        "f1-score": 0.34615384615384615,
        "support": 9.0
      }
    },
    "silhouette_on_unseen": 0.3818133473396301
  },
  "mahalanobis": {
    "accuracy": 0.7133333333333334,
    "macro_f1": 0.6519823757513408,
    "weighted_f1": 0.7560920092846356,
    "per_class": {
      "Passengers": {
        "precision": 1.0,
        "recall": 0.6095890410958904,
        "f1-score": 0.7574468085106383,
        "support": 438.0
      },
      "RORO": {
        "precision": 0.2222222222222222,
        "recall": 1.0,
        "f1-score": 0.36363636363636365,
        "support": 6.0
      },
      "Natural ambient noise": {
        "precision": 0.297029702970297,
        "recall": 1.0,
        "f1-score": 0.4580152671755725,
        "support": 60.0
      },
      "Motorboat": {
        "precision": 0.9885057471264368,
        "recall": 0.9885057471264368,
        "f1-score": 0.9885057471264368,
        "support": 87.0
      },
      "Ocean liner": {
        "precision": 0.5294117647058824,
        "recall": 1.0,
        "f1-score": 0.6923076923076923,
        "support": 9.0
      }
    }
  }
}