,Passengers,RORO,Natural ambient noise,Motorboat,Ocean liner
Passengers,0.0,23.911087,3.0805125,21.964132,23.59216
RORO,23.911087,0.0,24.018385,25.883781,25.269493
Natural ambient noise,3.0805125,24.018385,0.0,20.40013,23.5777
Motorboat,21.964132,25.883781,20.40013,0.0,28.46004
Ocean liner,23.59216,25.269493,23.5777,28.46004,0.0
