,Passengers,RORO,Natural ambient noise
Passengers,0.9999998,-0.38249737,-0.45526224
RORO,-0.38249737,1.0000001,-0.64851475
Natural ambient noise,-0.45526224,-0.64851475,0.99999976
