{
  "unseen_classes": [
    "Passengers",
    "RORO",
    "Motorboat"
  ],
  "k_shot": 5,
  "strategy": "max",
  "n_unseen": 3,
  "support_size": 15,
  "query_size": 1294,
  "norm": "zscore",
  "cov_mode": "support_lw",
  "cosine": {
    "accuracy": 0.9381761978361669,
    "macro_f1": 0.9261123477243233,
    "weighted_f1": 0.9401965017323368,
    "per_class": {
      "Passengers": {
        "precision": 1.0,
        "recall": 0.900990099009901,
        "f1-score": 0.9479166666666666,
        "support": 808.0
      },
      "RORO": {
        "precision": 0.9455128205128205,
        "recall": 1.0,
        "f1-score": 0.9719934102141681,
        "support": 295.0
      },
      "Motorboat": {
        "precision": 0.7519685039370079,
        "recall": 1.0,
        "f1-score": 0.8584269662921349,
        "support": 191.0
      }
    },
    "silhouette_on_unseen": 0.5576921701431274
  },
  "mahalanobis": {
    "accuracy": 0.9520865533230294,
    "macro_f1": 0.941917487372033,
    "weighted_f1": 0.9532640913840857,
    "per_class": {
      "Passengers": {
        "precision": 1.0,
        "recall": 0.9232673267326733,
        "f1-score": 0.9601029601029601,
        "support": 808.0
      },
      "RORO": {
        "precision": 0.9516129032258065,
        "recall": 1.0,
        "f1-score": 0.9752066115702479,
        "support": 295.0
      },
      "Motorboat": {
        "precision": 0.8025210084033614,
        "recall": 1.0,
        "f1-score": 0.8904428904428905,
        "support": 191.0
      }
    }
  }
}