,Passengers,RORO,Motorboat
Passengers,1.0000001,-0.3511421,-0.59064347
RORO,-0.3511421,0.99999976,-0.5481491
Motorboat,-0.59064347,-0.5481491,1.0
