,Passengers,RORO,Motorboat
Passengers,0.0,22.162848,25.949026
RORO,22.162848,0.0,25.184732
Motorboat,25.949026,25.184732,0.0
