,Passengers,RORO,Motorboat
Passengers,1.0,-0.35922042,-0.57907164
RORO,-0.35922042,0.9999999,-0.5528453
Motorboat,-0.57907164,-0.5528453,0.9999998
