,Passengers,RORO,Motorboat
Passengers,0.0,21.508106,24.851282
RORO,21.508106,0.0,24.39841
Motorboat,24.851282,24.39841,0.0
