,Dredger,Fishboat,Natural ambient noise,Trawler,Tugboat
Dredger,1.0000002,-0.039120775,0.014762883,0.2996218,-0.7948335
Fishboat,-0.039120775,1.0000001,-0.017022554,-0.5686575,0.07835756
Natural ambient noise,0.014762883,-0.017022554,0.99999946,-0.57138216,-0.4476825
Trawler,0.2996218,-0.5686575,-0.57138216,1.0,-0.22291107
Tugboat,-0.7948335,0.07835756,-0.4476825,-0.22291107,0.99999976
