,Dredger,Fishboat,Natural ambient noise,Trawler,Tugboat
Dredger,0.0,10.28494,15.403761,12.236047,21.337305
Fishboat,10.28494,0.0,14.786573,16.339828,15.289332
Natural ambient noise,15.403761,14.786573,0.0,22.427546,23.637146
Trawler,12.236047,16.339828,22.427546,0.0,20.737309
Tugboat,21.337305,15.289332,23.637146,20.737309,0.0
