{
  "unseen_classes": [
    "Passengers",
    "RORO",
    "Natural ambient noise"
  ],
  "k_shot": 10,
  "strategy": "max",
  "n_unseen": 3,
  "support_size": 30,
  "query_size": 1307,
  "cosine": {
    "accuracy": 0.9969395562356542,
    "macro_f1": 0.9968846020100445,
    "weighted_f1": 0.9969462164287178,
    "per_class": {
      "Passengers": {
        "precision": 1.0,
        "recall": 0.9950186799501868,
        "f1-score": 0.9975031210986267,
        "support": 803.0
      },
      "RORO": {
        "precision": 0.9863945578231292,
        "recall": 1.0,
        "f1-score": 0.9931506849315068,
        "support": 290.0
      },
      "Natural ambient noise": {
        "precision": 1.0,
        "recall": 1.0,
        "f1-score": 1.0,
        "support": 214.0
      }
    }
  },
  "mahalanobis": {
    "accuracy": 0.65876052027544,
    "macro_f1": 0.5672654168111988,
    "weighted_f1": 0.6449427859939428,
    "per_class": {
      "Passengers": {
        "precision": 0.7377622377622378,
        "recall": 0.788293897882939,
        "f1-score": 0.7621914509331728,
        "support": 803.0
      },
      "RORO": {
        "precision": 0.6240601503759399,
        "recall": 0.28620689655172415,
        "f1-score": 0.39243498817966904,
        "support": 290.0
      },
      "Natural ambient noise": {
        "precision": 0.4588607594936709,
        "recall": 0.677570093457944,
        "f1-score": 0.5471698113207547,
        "support": 214.0
      }
    }
  }
}